제목,게시자,게시일,조회수
HIGHLIGHTS:Liverpool4-3TottenhamHotspur|DramaticJotawinner!,['Liverpool'],['2일 전'],"['6,029,277회']"
[59회백상]TV부문대상-박은빈|JTBC230428방송,['백상예술대상'],['4일 전'],"['5,281,070회']"
"이브,프시케그리고푸른수염의아내",['LE'],['1일 전'],"['526,615회']"
[SUB]파이팅그만해✋[차린건쥐뿔도없지만]EP.17#이영지#세븐틴#도겸#조슈아(ENG/JPN/SPA/IND),['차린건'],['4일 전'],"['7,340,842회']"
No-Return(Intotheunknown),['LE'],['1일 전'],"['472,689회']"
ResumendeRCDMallorcavsAthleticClub(1-1),['LaLiga'],['1일 전'],"['148,632회']"
이강인선수에게열광하는레알마요르카LAOVACIÓNAMURIQIYKANG|RCDMallorca,['RCD'],['1일 전'],"['131,094회']"
방탄소년단뷔를알아본현지인반응(그리고신난곰돌이)#서진이네EP.10|tvN230428방송,['tvN'],['3일 전'],"['2,003,292회']"
“아주행복한청춘을보냈으면좋겠다”|7번지우정빌리지#2,['NCT'],['1일 전'],"['380,174회']"
💎아형리미티드💎[풀버전]※최초공개※르세라핌이들려줄새로운이야기〈UNFORGIVEN〉♬,['아는형님'],['3일 전'],"['1,751,647회']"
[4K]세븐틴(SEVENTEEN)-“손오공(Super)”BandLIVEConcert│라이브는역시세븐틴이다룸다림다✨[it’sKPOPLIVE잇츠라이브],"[""it's""]",['3일 전'],"['2,794,360회']"
"6호골작렬!!'탈압박,롱패스,결정력'모든걸보여준이강인,오늘도MOM선정!!(환상적인이강인의득점장면)",['새벽의'],['1일 전'],"['155,700회']"
사라진수많은동물중에여우를복원한특별한이유🦊｜크랩,['크랩'],['1일 전'],"['483,104회']"
근두운☁타고더날아보자고~!세븐틴포포모음#highlight#놀라운토요일|amazingsaturdayEP.261,['놀라운'],['2일 전'],"['540,892회']"
[5-6회하이라이트]치명적인FOX(?)엄정화🦊덕분에조용할날이없는병원스캔들👥👤👥(웅성웅성)|닥터차정숙|JTBC230430방송,['JTBC'],['2일 전'],"['467,799회']"
"[밥묵자]정신UP는티키타카Show(feat.정준호,신현준)",['꼰대희'],['3일 전'],"['896,768회']"
"인구45%가한국혈통인태평양작은섬가보기[북마리아나,티니안1]",['여행가'],['2일 전'],"['701,048회']"
사상최초독일최고평점찍었다ㄷㄷ..정우영이시작한PK없이5골레전드경기,['동현kldh'],['2일 전'],"['1,992,583회']"
TAEYANG-‘슝!(feat.LISAofBLACKPINK)’DANCEPRACTICEVIDEO,['TAEYANG'],['1일 전'],"['2,962,477회']"
유튜버4명의무법지대생존기,['코마'],['2일 전'],"['252,579회']"
500만원짜리초호화일등석비행후기-아제르바이잔(1),['곽튜브'],['4일 전'],"['2,061,990회']"
"""물려줄돈도재산도없지만적은돈으로잘살수있다는걸보여주자""50대에조기은퇴한부부가지은7평짜리집의비밀I작은집사용설명서I#건축탐구집",['EBS'],['3일 전'],"['587,092회']"
24시간동안봉지라면VS컵라면!!같은라면도맛이다른게사실일까?!,['파뿌리'],['2일 전'],"['725,501회']"
제주도민들은여기만갑니다.육지것들은모르는제주찐로컬맛집|또간집EP.27,['재밌는'],['4일 전'],"['1,619,090회']"
"[59회백상]＂연진아,나지금되게신나＂진짜연진을만난이수지의패러디|JTBC230428방송",['백상예술대상'],['4일 전'],"['2,769,784회']"
요즘잼민이VS옛날잼민이,['빨간내복야코'],['3일 전'],"['979,723회']"
[59회백상]TV부문여자최우수연기상-송혜교|더글로리|JTBC230428방송,['백상예술대상'],['4일 전'],"['2,817,436회']"
그리스아내의한국생활11년만에눈물의한국영주권도전기,['소피아패밀리(Sophia'],['1일 전'],"['178,257회']"
[실화Pick]수상한가사도우미CCTV영상충격실화#실화탐사대#실화OnMBC230427방송,['실화'],['4일 전'],"['1,164,130회']"
밥맛은다똑같다던미국가정주부에게한국전기밥솥을선물했더니...🍚맨밥에김드시고놀라심ㅋㅋ,['레이진'],['3일 전'],"['592,395회']"
누나의친구들,['숏박스'],['4일 전'],"['2,371,783회']"
[예고편]방송최초❗️듀엣무대다👩🏻‍❤️‍👨🏻심수봉🤍손태진이함께부른다!|🌹불타는장미단🌹,['불타는'],['1일 전'],"['66,715회']"
제주도에서우연히엄마아빠를만난강아지(진돗개),['진똑개'],['3일 전'],"['173,902회']"
"이강인미친드리블6호골폭발역대급인생경기나왔다!평점8.2공식MOM선정,드리블성공률100%개미친활약ㄷㄷ빅클럽가야돼진짜;;[마요르카vs빌바오]",['풋볼'],['1일 전'],"['313,824회']"
"오이가저렴할때많이해드세요.""오이깍두기""",['Mrs'],['4일 전'],"['163,721회']"
[ENG][아형✪하이라이트](본격르세라핌혜자방송)너네가뭘좋아할지몰라서발레리나부터사춘기K학생(?)까지준비했어ღ|아는형님|JTBC230429방송,['아는형님'],['3일 전'],"['732,342회']"
오만상사|초갓성비로한국뒤집어놓은2만원짜리LCD달린기계식키보드써봤습니다.,['ITSub잇섭'],['3일 전'],"['1,413,657회']"
[짐승친구들]변성기,['짤툰'],['3일 전'],"['668,010회']"
퇴근후혼밥러-찜질방매점&식당털기편,['총몇명'],['3일 전'],"['1,247,993회']"
ROUND5｜AlienStage,['VIVINOS'],['4일 전'],"['803,497회']"
Wanted-Animatorvs.AnimationVI-Ep1,['Alan'],['3일 전'],"['5,509,961회']"
[3화]휠체어필요한사람나야나~[RoadtoNewYork2],['리틀'],['2일 전'],"['210,787회']"
왕복18시간걸리는섬에들어가서통발던졌는데독있는녀석이...,['헌터퐝'],['3일 전'],"['327,491회']"
캠브리지대학생들의라면에밥말아먹기+짜계치반응!,['영국남자'],['6일 전'],"['3,426,868회']"
"한국의산음식처음먹어본88세의미국인조부모님반응!?!미국인조부모님이처음으로한국에오셨습니다!지리산흑돼지삼겹살,파전,&봄나물외국인반응!",['Eating'],['4일 전'],"['338,247회']"
엄마의얼굴,['소맥거핀'],['4일 전'],"['1,916,008회']"
"EP.2르세라핌과한,미,일놀이비교|ODG",['odg'],['5일 전'],"['2,340,065회']"
