제목,링크
노원서 아내 살해 뒤 자녀 안고 투신,https://news.kmib.co.kr/article/view.asp?arcid=0018222341&code=61121211&sid1=soc
美 지역은행 또 폭락… 민주 “금리 동결”,https://news.kmib.co.kr/article/view.asp?arcid=0018222048&code=61131111&sid1=int
내년 최저임금 “1만2000원” vs “삭감 고려”,https://news.kmib.co.kr/article/view.asp?arcid=0924299833&code=11131100&sid1=soc
"라덕연-김익래, 배후설·맞고소 난타전",https://news.kmib.co.kr/article/view.asp?arcid=0924299829&code=11151100&sid1=eco
"셀프 출석 송영길, 검찰 조사 거부당했다",https://news.kmib.co.kr/article/view.asp?arcid=0924299819&code=11131900&sid1=soc
1주택자 재산세 준다… 가구당 7만2000원↓,https://news.kmib.co.kr/article/view.asp?arcid=0924299778&code=11131100&sid1=soc
어버이날은 역시 ‘현금’… 평균 33만6000원,https://news.kmib.co.kr/article/view.asp?arcid=0924299794&code=11151100&sid1=eco
석탄일·성탄절 대체공휴일 확정,https://news.kmib.co.kr/article/view.asp?arcid=0924299764&code=11131100&sid1=soc
"“변명, 두번 죽였다” 스쿨존 참변 아빠 오열",https://news.kmib.co.kr/article/view.asp?arcid=0924299762&code=11131200&sid1=soc
“尹정부 성공하려면 협치 복원해야”,https://news.kmib.co.kr/article/view.asp?arcid=0924299848&code=11121100&sid1=pol
